ID ,Data venda ,Total ,Forma pagamento ,Quantidade ,Usuario ,Produtos,
52,05/05/2024 10:24 p.m. ,70.00 ,PIX ,2.0 ,sf_coffee ,Pizza, Camarão
53,05/05/2024 10:24 p.m. ,50.00 ,Cartão de Crédito ,1.0 ,sf_coffee ,Camarão,
54,05/05/2024 10:24 p.m. ,10.00 ,Cartão de Crédito ,1.0 ,sf_coffee ,salada 1,
55,05/05/2024 10:24 p.m. ,10.00 ,Dinheiro ,1.0 ,sf_coffee ,hamburguer-1,
56,05/05/2024 10:24 p.m. ,50.00 ,Dinheiro ,1.0 ,sf_coffee ,Camarão,
57,05/05/2024 10:24 p.m. ,10.00 ,PIX ,1.0 ,sf_coffee ,salada 1,
58,05/05/2024 10:24 p.m. ,8.00 ,Dinheiro ,1.0 ,sf_coffee ,Suco de Laranja,
59,05/05/2024 10:24 p.m. ,8.00 ,PIX ,1.0 ,sf_coffee ,Suco de Laranja,
60,05/05/2024 10:24 p.m. ,3.00 ,Dinheiro ,1.0 ,sf_coffee ,café,
61,05/05/2024 10:24 p.m. ,8.00 ,PIX ,1.0 ,sf_coffee ,Suco de Laranja,
62,05/05/2024 10:24 p.m. ,3.00 ,Cartão de Débito ,1.0 ,sf_coffee ,café,
63,05/05/2024 10:24 p.m. ,20.00 ,Dinheiro ,1.0 ,sf_coffee ,Macarrão Nada,
64,05/05/2024 10:24 p.m. ,8.00 ,Dinheiro ,1.0 ,sf_coffee ,Suco de Laranja,
65,05/05/2024 10:24 p.m. ,20.00 ,Cartão de Débito ,1.0 ,sf_coffee ,Pizza,
66,05/05/2024 10:24 p.m. ,50.00 ,PIX ,1.0 ,sf_coffee ,Camarão,
67,05/05/2024 10:24 p.m. ,10.00 ,PIX ,1.0 ,sf_coffee ,salada 1,
68,05/05/2024 10:24 p.m. ,8.00 ,Cartão de Débito ,1.0 ,sf_coffee ,Suco de Laranja,
69,05/05/2024 10:24 p.m. ,20.00 ,Dinheiro ,1.0 ,sf_coffee ,Macarrão Nada,
70,05/05/2024 10:24 p.m. ,8.00 ,PIX ,1.0 ,sf_coffee ,Suco de Laranja,
71,05/05/2024 10:24 p.m. ,3.00 ,PIX ,1.0 ,sf_coffee ,café,
72,05/05/2024 10:24 p.m. ,10.00 ,PIX ,1.0 ,sf_coffee ,hamburguer-1,
73,05/05/2024 10:24 p.m. ,8.00 ,Cartão de Débito ,1.0 ,sf_coffee ,Suco de Laranja,
74,05/05/2024 10:24 p.m. ,20.00 ,PIX ,1.0 ,sf_coffee ,Macarrão Nada,
75,05/05/2024 10:24 p.m. ,50.00 ,Cartão de Débito ,1.0 ,sf_coffee ,Camarão,
76,05/05/2024 10:24 p.m. ,20.00 ,Cartão de Débito ,1.0 ,sf_coffee ,drink,
77,05/05/2024 10:24 p.m. ,8.00 ,PIX ,1.0 ,sf_coffee ,Suco de Laranja,
78,05/05/2024 10:24 p.m. ,10.00 ,PIX ,1.0 ,sf_coffee ,hamburguer-1,
79,05/05/2024 10:24 p.m. ,10.00 ,Cartão de Crédito ,1.0 ,sf_coffee ,hamburguer-1,
80,05/05/2024 10:24 p.m. ,10.00 ,PIX ,1.0 ,sf_coffee ,salada 1,
81,05/05/2024 10:24 p.m. ,20.00 ,PIX ,1.0 ,sf_coffee ,drink,
82,05/05/2024 10:24 p.m. ,20.00 ,Cartão de Crédito ,1.0 ,sf_coffee ,Pizza,
83,05/05/2024 10:24 p.m. ,20.00 ,Dinheiro ,1.0 ,sf_coffee ,drink,
84,05/05/2024 10:24 p.m. ,20.00 ,Cartão de Crédito ,1.0 ,sf_coffee ,Macarrão Nada,
85,05/05/2024 10:24 p.m. ,20.00 ,Cartão de Débito ,1.0 ,sf_coffee ,Macarrão Nada,
86,05/05/2024 10:24 p.m. ,20.00 ,Cartão de Crédito ,1.0 ,sf_coffee ,Pizza,
87,05/05/2024 10:24 p.m. ,10.00 ,Cartão de Débito ,1.0 ,sf_coffee ,salada 1,
88,05/05/2024 10:24 p.m. ,3.00 ,Dinheiro ,1.0 ,sf_coffee ,café,
89,05/05/2024 10:24 p.m. ,8.00 ,Dinheiro ,1.0 ,sf_coffee ,Suco de Laranja,
90,05/05/2024 10:24 p.m. ,10.00 ,Dinheiro ,1.0 ,sf_coffee ,hamburguer-1,
91,05/05/2024 10:24 p.m. ,8.00 ,Cartão de Débito ,1.0 ,sf_coffee ,Suco de Laranja,
92,05/05/2024 10:24 p.m. ,20.00 ,Cartão de Débito ,1.0 ,sf_coffee ,Macarrão Nada,
93,05/05/2024 10:24 p.m. ,20.00 ,Cartão de Débito ,1.0 ,sf_coffee ,Macarrão Nada,
94,05/05/2024 10:24 p.m. ,20.00 ,PIX ,1.0 ,sf_coffee ,Macarrão Nada,
95,05/05/2024 10:24 p.m. ,20.00 ,Cartão de Crédito ,1.0 ,sf_coffee ,Macarrão Nada,
96,05/05/2024 10:24 p.m. ,20.00 ,Dinheiro ,1.0 ,sf_coffee ,drink,
97,05/05/2024 10:24 p.m. ,20.00 ,Cartão de Crédito ,1.0 ,sf_coffee ,Macarrão Nada,
98,05/05/2024 10:24 p.m. ,50.00 ,Cartão de Débito ,1.0 ,sf_coffee ,Camarão,
99,05/05/2024 10:24 p.m. ,20.00 ,Cartão de Débito ,1.0 ,sf_coffee ,Macarrão Nada,
100,05/05/2024 10:25 p.m. ,10.00 ,Cartão de Crédito ,1.0 ,sf_coffee ,salada 1,
101,05/05/2024 10:25 p.m. ,8.00 ,Cartão de Débito ,1.0 ,sf_coffee ,Suco de Laranja,
102,05/05/2024 10:25 p.m. ,10.00 ,Cartão de Débito ,1.0 ,sf_coffee ,salada 1,
103,05/05/2024 10:25 p.m. ,20.00 ,Dinheiro ,1.0 ,sf_coffee ,Macarrão Nada,
104,05/05/2024 10:25 p.m. ,10.00 ,Dinheiro ,1.0 ,sf_coffee ,salada 1,
105,05/05/2024 10:25 p.m. ,50.00 ,Cartão de Débito ,1.0 ,sf_coffee ,Camarão,
106,05/05/2024 10:25 p.m. ,3.00 ,Cartão de Crédito ,1.0 ,sf_coffee ,café,
107,05/05/2024 10:25 p.m. ,20.00 ,PIX ,1.0 ,sf_coffee ,drink,
108,05/05/2024 10:25 p.m. ,10.00 ,Cartão de Débito ,1.0 ,sf_coffee ,hamburguer-1,
109,05/05/2024 10:25 p.m. ,20.00 ,Cartão de Crédito ,1.0 ,sf_coffee ,drink,
110,05/05/2024 10:25 p.m. ,10.00 ,Cartão de Débito ,1.0 ,sf_coffee ,hamburguer-1,
111,05/05/2024 10:25 p.m. ,20.00 ,Cartão de Débito ,1.0 ,sf_coffee ,Macarrão Nada,
112,05/05/2024 10:25 p.m. ,50.00 ,Cartão de Crédito ,1.0 ,sf_coffee ,Camarão,
113,05/05/2024 10:25 p.m. ,20.00 ,Cartão de Crédito ,1.0 ,sf_coffee ,Macarrão Nada,
114,05/05/2024 10:25 p.m. ,50.00 ,Cartão de Débito ,1.0 ,sf_coffee ,Camarão,
115,05/05/2024 10:25 p.m. ,8.00 ,Cartão de Débito ,1.0 ,sf_coffee ,Suco de Laranja,
116,05/05/2024 10:25 p.m. ,20.00 ,PIX ,1.0 ,sf_coffee ,Macarrão Nada,
117,05/05/2024 10:25 p.m. ,20.00 ,PIX ,1.0 ,sf_coffee ,Pizza,
118,05/05/2024 10:25 p.m. ,20.00 ,PIX ,1.0 ,sf_coffee ,Macarrão Nada,
119,05/05/2024 10:25 p.m. ,10.00 ,PIX ,1.0 ,sf_coffee ,salada 1,
120,05/05/2024 10:25 p.m. ,10.00 ,Cartão de Débito ,1.0 ,sf_coffee ,hamburguer-1,
121,05/05/2024 10:25 p.m. ,8.00 ,Cartão de Crédito ,1.0 ,sf_coffee ,Suco de Laranja,
122,05/05/2024 10:25 p.m. ,3.00 ,PIX ,1.0 ,sf_coffee ,café,
123,05/05/2024 10:25 p.m. ,10.00 ,PIX ,1.0 ,sf_coffee ,hamburguer-1,
124,05/05/2024 10:25 p.m. ,8.00 ,PIX ,1.0 ,sf_coffee ,Suco de Laranja,
125,05/05/2024 10:25 p.m. ,20.00 ,Cartão de Crédito ,1.0 ,sf_coffee ,drink,
126,05/05/2024 10:25 p.m. ,50.00 ,Cartão de Crédito ,1.0 ,sf_coffee ,Camarão,
127,05/05/2024 10:25 p.m. ,3.00 ,Cartão de Crédito ,1.0 ,sf_coffee ,café,
128,05/05/2024 10:25 p.m. ,20.00 ,PIX ,1.0 ,sf_coffee ,Pizza,
129,05/05/2024 10:25 p.m. ,20.00 ,Dinheiro ,1.0 ,sf_coffee ,Pizza,
130,05/05/2024 10:25 p.m. ,8.00 ,PIX ,1.0 ,sf_coffee ,Suco de Laranja,
131,05/05/2024 10:25 p.m. ,20.00 ,Cartão de Crédito ,1.0 ,sf_coffee ,Macarrão Nada,
132,05/05/2024 10:25 p.m. ,8.00 ,Dinheiro ,1.0 ,sf_coffee ,Suco de Laranja,
133,05/05/2024 10:25 p.m. ,20.00 ,Cartão de Crédito ,1.0 ,sf_coffee ,Macarrão Nada,
134,05/05/2024 10:25 p.m. ,10.00 ,Cartão de Crédito ,1.0 ,sf_coffee ,salada 1,
135,05/05/2024 10:25 p.m. ,10.00 ,PIX ,1.0 ,sf_coffee ,hamburguer-1,
136,05/05/2024 10:25 p.m. ,20.00 ,Cartão de Débito ,1.0 ,sf_coffee ,Macarrão Nada,
137,05/05/2024 10:25 p.m. ,20.00 ,Cartão de Débito ,1.0 ,sf_coffee ,drink,
138,05/05/2024 10:25 p.m. ,10.00 ,Cartão de Crédito ,1.0 ,sf_coffee ,hamburguer-1,
139,05/05/2024 10:25 p.m. ,3.00 ,Dinheiro ,1.0 ,sf_coffee ,café,
140,05/05/2024 10:25 p.m. ,50.00 ,Dinheiro ,1.0 ,sf_coffee ,Camarão,
141,05/05/2024 10:25 p.m. ,20.00 ,Cartão de Crédito ,1.0 ,sf_coffee ,drink,
142,05/05/2024 10:25 p.m. ,50.00 ,Cartão de Débito ,1.0 ,sf_coffee ,Camarão,
143,05/05/2024 10:25 p.m. ,20.00 ,PIX ,1.0 ,sf_coffee ,Macarrão Nada,
144,05/05/2024 10:25 p.m. ,10.00 ,Dinheiro ,1.0 ,sf_coffee ,salada 1,
145,05/05/2024 10:25 p.m. ,20.00 ,Cartão de Débito ,1.0 ,sf_coffee ,Pizza,
146,05/05/2024 10:25 p.m. ,8.00 ,PIX ,1.0 ,sf_coffee ,Suco de Laranja,
147,05/05/2024 10:25 p.m. ,50.00 ,Cartão de Crédito ,1.0 ,sf_coffee ,Camarão,
148,05/05/2024 10:25 p.m. ,20.00 ,PIX ,1.0 ,sf_coffee ,Macarrão Nada,
149,05/05/2024 10:25 p.m. ,10.00 ,Cartão de Crédito ,1.0 ,sf_coffee ,hamburguer-1,
150,05/05/2024 10:25 p.m. ,3.00 ,Dinheiro ,1.0 ,sf_coffee ,café,
151,05/05/2024 10:25 p.m. ,20.00 ,Cartão de Débito ,1.0 ,sf_coffee ,drink,
152,05/05/2024 10:25 p.m. ,20.00 ,Cartão de Crédito ,1.0 ,sf_coffee ,Pizza,
153,05/05/2024 10:25 p.m. ,3.00 ,Cartão de Débito ,1.0 ,sf_coffee ,café,
154,05/05/2024 10:25 p.m. ,20.00 ,Cartão de Débito ,1.0 ,sf_coffee ,Macarrão Nada,
155,05/05/2024 10:26 p.m. ,10.00 ,PIX ,1.0 ,sf_coffee ,hamburguer-1,
156,05/05/2024 10:26 p.m. ,20.00 ,Dinheiro ,1.0 ,sf_coffee ,Pizza,
157,05/05/2024 10:26 p.m. ,20.00 ,Dinheiro ,1.0 ,sf_coffee ,Macarrão Nada,
158,05/05/2024 10:26 p.m. ,3.00 ,Cartão de Crédito ,1.0 ,sf_coffee ,café,
159,05/05/2024 10:26 p.m. ,8.00 ,Dinheiro ,1.0 ,sf_coffee ,Suco de Laranja,
160,05/05/2024 10:26 p.m. ,10.00 ,PIX ,1.0 ,sf_coffee ,salada 1,
161,05/05/2024 10:26 p.m. ,50.00 ,Cartão de Crédito ,1.0 ,sf_coffee ,Camarão,
162,05/05/2024 10:26 p.m. ,3.00 ,PIX ,1.0 ,sf_coffee ,café,
163,05/05/2024 10:26 p.m. ,10.00 ,Cartão de Crédito ,1.0 ,sf_coffee ,salada 1,
164,05/05/2024 10:26 p.m. ,10.00 ,Dinheiro ,1.0 ,sf_coffee ,salada 1,
165,05/05/2024 10:26 p.m. ,50.00 ,Cartão de Crédito ,1.0 ,sf_coffee ,Camarão,
166,05/05/2024 10:26 p.m. ,10.00 ,Cartão de Débito ,1.0 ,sf_coffee ,hamburguer-1,
167,05/05/2024 10:26 p.m. ,20.00 ,PIX ,1.0 ,sf_coffee ,Macarrão Nada,
168,05/05/2024 10:26 p.m. ,20.00 ,PIX ,1.0 ,sf_coffee ,Macarrão Nada,
169,05/05/2024 10:26 p.m. ,20.00 ,PIX ,1.0 ,sf_coffee ,Macarrão Nada,
170,05/05/2024 10:26 p.m. ,20.00 ,Cartão de Crédito ,1.0 ,sf_coffee ,drink,
171,05/05/2024 10:26 p.m. ,20.00 ,Cartão de Débito ,1.0 ,sf_coffee ,Pizza,
172,05/05/2024 10:26 p.m. ,8.00 ,PIX ,1.0 ,sf_coffee ,Suco de Laranja,
173,05/05/2024 10:26 p.m. ,20.00 ,Cartão de Crédito ,1.0 ,sf_coffee ,Pizza,
174,05/05/2024 10:26 p.m. ,3.00 ,PIX ,1.0 ,sf_coffee ,café,
175,05/05/2024 10:26 p.m. ,10.00 ,Cartão de Débito ,1.0 ,sf_coffee ,salada 1,
176,05/05/2024 10:26 p.m. ,3.00 ,Dinheiro ,1.0 ,sf_coffee ,café,
177,05/05/2024 10:26 p.m. ,50.00 ,Dinheiro ,1.0 ,sf_coffee ,Camarão,
178,05/05/2024 10:26 p.m. ,10.00 ,PIX ,1.0 ,sf_coffee ,hamburguer-1,
179,05/05/2024 10:26 p.m. ,20.00 ,PIX ,1.0 ,sf_coffee ,drink,
180,05/05/2024 10:26 p.m. ,50.00 ,Cartão de Débito ,1.0 ,sf_coffee ,Camarão,
181,05/05/2024 10:26 p.m. ,20.00 ,Cartão de Débito ,1.0 ,sf_coffee ,Macarrão Nada,
182,05/05/2024 10:26 p.m. ,20.00 ,Dinheiro ,1.0 ,sf_coffee ,Macarrão Nada,
183,05/05/2024 10:26 p.m. ,20.00 ,PIX ,1.0 ,sf_coffee ,Pizza,
184,05/05/2024 10:26 p.m. ,20.00 ,Dinheiro ,1.0 ,sf_coffee ,Macarrão Nada,
185,05/05/2024 10:26 p.m. ,20.00 ,Dinheiro ,1.0 ,sf_coffee ,Pizza,
186,05/05/2024 10:26 p.m. ,20.00 ,Cartão de Débito ,1.0 ,sf_coffee ,Macarrão Nada,
187,05/05/2024 10:26 p.m. ,20.00 ,Cartão de Crédito ,1.0 ,sf_coffee ,drink,
188,05/05/2024 10:26 p.m. ,20.00 ,Cartão de Crédito ,1.0 ,sf_coffee ,drink,
189,05/05/2024 10:26 p.m. ,10.00 ,PIX ,1.0 ,sf_coffee ,hamburguer-1,
190,05/05/2024 10:26 p.m. ,8.00 ,PIX ,1.0 ,sf_coffee ,Suco de Laranja,
191,05/05/2024 10:26 p.m. ,50.00 ,PIX ,1.0 ,sf_coffee ,Camarão,
192,05/05/2024 10:26 p.m. ,10.00 ,Cartão de Crédito ,1.0 ,sf_coffee ,salada 1,
193,05/05/2024 10:26 p.m. ,10.00 ,Dinheiro ,1.0 ,sf_coffee ,hamburguer-1,
194,05/05/2024 10:26 p.m. ,20.00 ,Cartão de Crédito ,1.0 ,sf_coffee ,drink,
195,05/05/2024 10:26 p.m. ,8.00 ,Dinheiro ,1.0 ,sf_coffee ,Suco de Laranja,
196,05/05/2024 10:26 p.m. ,20.00 ,Cartão de Débito ,1.0 ,sf_coffee ,Macarrão Nada,
197,05/05/2024 10:26 p.m. ,20.00 ,Cartão de Débito ,1.0 ,sf_coffee ,Pizza,
198,05/05/2024 10:26 p.m. ,20.00 ,Cartão de Débito ,1.0 ,sf_coffee ,Macarrão Nada,
199,05/05/2024 10:26 p.m. ,20.00 ,Dinheiro ,1.0 ,sf_coffee ,drink,
200,05/05/2024 10:26 p.m. ,20.00 ,Cartão de Crédito ,1.0 ,sf_coffee ,Pizza,
201,05/05/2024 10:26 p.m. ,20.00 ,Cartão de Crédito ,1.0 ,sf_coffee ,drink,
202,05/05/2024 10:26 p.m. ,8.00 ,Cartão de Crédito ,1.0 ,sf_coffee ,Suco de Laranja,
203,05/05/2024 10:26 p.m. ,50.00 ,Dinheiro ,1.0 ,sf_coffee ,Camarão,
204,05/05/2024 10:26 p.m. ,20.00 ,Dinheiro ,1.0 ,sf_coffee ,drink,
205,05/05/2024 10:26 p.m. ,20.00 ,Cartão de Débito ,1.0 ,sf_coffee ,Pizza,
206,05/05/2024 10:26 p.m. ,8.00 ,Cartão de Crédito ,1.0 ,sf_coffee ,Suco de Laranja,
207,05/05/2024 10:26 p.m. ,10.00 ,Cartão de Crédito ,1.0 ,sf_coffee ,hamburguer-1,
208,05/05/2024 10:26 p.m. ,10.00 ,PIX ,1.0 ,sf_coffee ,salada 1,
209,05/05/2024 10:27 p.m. ,8.00 ,Cartão de Crédito ,1.0 ,sf_coffee ,Suco de Laranja,
210,05/05/2024 10:27 p.m. ,20.00 ,Cartão de Débito ,1.0 ,sf_coffee ,Pizza,
211,05/05/2024 10:27 p.m. ,10.00 ,Cartão de Débito ,1.0 ,sf_coffee ,hamburguer-1,
212,05/05/2024 10:27 p.m. ,20.00 ,Cartão de Débito ,1.0 ,sf_coffee ,drink,
213,05/05/2024 10:27 p.m. ,20.00 ,PIX ,1.0 ,sf_coffee ,Pizza,
214,05/05/2024 10:27 p.m. ,20.00 ,PIX ,1.0 ,sf_coffee ,Pizza,
215,05/05/2024 10:27 p.m. ,50.00 ,Dinheiro ,1.0 ,sf_coffee ,Camarão,
216,05/05/2024 10:27 p.m. ,20.00 ,Cartão de Débito ,1.0 ,sf_coffee ,Macarrão Nada,
217,05/05/2024 10:27 p.m. ,20.00 ,PIX ,1.0 ,sf_coffee ,drink,
218,05/05/2024 10:27 p.m. ,10.00 ,PIX ,1.0 ,sf_coffee ,salada 1,
219,05/05/2024 10:27 p.m. ,20.00 ,Cartão de Débito ,1.0 ,sf_coffee ,Pizza,
220,05/05/2024 10:27 p.m. ,3.00 ,Dinheiro ,1.0 ,sf_coffee ,café,
221,05/05/2024 10:27 p.m. ,20.00 ,Dinheiro ,1.0 ,sf_coffee ,Macarrão Nada,
222,05/05/2024 10:27 p.m. ,50.00 ,Dinheiro ,1.0 ,sf_coffee ,Camarão,
223,05/05/2024 10:27 p.m. ,3.00 ,Cartão de Crédito ,1.0 ,sf_coffee ,café,
224,05/05/2024 10:27 p.m. ,50.00 ,Cartão de Crédito ,1.0 ,sf_coffee ,Camarão,
225,05/05/2024 10:27 p.m. ,3.00 ,Cartão de Débito ,1.0 ,sf_coffee ,café,
226,05/05/2024 10:27 p.m. ,8.00 ,Cartão de Débito ,1.0 ,sf_coffee ,Suco de Laranja,
227,05/05/2024 10:27 p.m. ,50.00 ,Dinheiro ,1.0 ,sf_coffee ,Camarão,
228,05/05/2024 10:27 p.m. ,8.00 ,PIX ,1.0 ,sf_coffee ,Suco de Laranja,
229,05/05/2024 10:27 p.m. ,8.00 ,Dinheiro ,1.0 ,sf_coffee ,Suco de Laranja,
230,05/05/2024 10:27 p.m. ,20.00 ,Cartão de Débito ,1.0 ,sf_coffee ,Macarrão Nada,
231,05/05/2024 10:27 p.m. ,20.00 ,Cartão de Débito ,1.0 ,sf_coffee ,Macarrão Nada,
232,05/05/2024 10:27 p.m. ,8.00 ,Cartão de Débito ,1.0 ,sf_coffee ,Suco de Laranja,
233,05/05/2024 10:27 p.m. ,3.00 ,Dinheiro ,1.0 ,sf_coffee ,café,
234,05/05/2024 10:27 p.m. ,20.00 ,Cartão de Crédito ,1.0 ,sf_coffee ,drink,
235,05/05/2024 10:27 p.m. ,20.00 ,Cartão de Crédito ,1.0 ,sf_coffee ,Macarrão Nada,
236,05/05/2024 10:27 p.m. ,10.00 ,Dinheiro ,1.0 ,sf_coffee ,hamburguer-1,
237,05/05/2024 10:27 p.m. ,10.00 ,Dinheiro ,1.0 ,sf_coffee ,salada 1,
238,05/05/2024 10:27 p.m. ,10.00 ,PIX ,1.0 ,sf_coffee ,hamburguer-1,
239,05/05/2024 10:27 p.m. ,10.00 ,PIX ,1.0 ,sf_coffee ,salada 1,
240,05/05/2024 10:27 p.m. ,50.00 ,PIX ,1.0 ,sf_coffee ,Camarão,
241,05/05/2024 10:27 p.m. ,20.00 ,Dinheiro ,1.0 ,sf_coffee ,drink,
242,05/05/2024 10:27 p.m. ,8.00 ,Dinheiro ,1.0 ,sf_coffee ,Suco de Laranja,
243,05/05/2024 10:27 p.m. ,3.00 ,Cartão de Crédito ,1.0 ,sf_coffee ,café,
244,05/05/2024 10:27 p.m. ,20.00 ,Dinheiro ,1.0 ,sf_coffee ,drink,
245,05/05/2024 10:27 p.m. ,3.00 ,PIX ,1.0 ,sf_coffee ,café,
246,05/05/2024 10:27 p.m. ,10.00 ,Cartão de Débito ,1.0 ,sf_coffee ,salada 1,
247,05/05/2024 10:27 p.m. ,10.00 ,Dinheiro ,1.0 ,sf_coffee ,hamburguer-1,
248,05/05/2024 10:27 p.m. ,20.00 ,Cartão de Débito ,1.0 ,sf_coffee ,drink,
249,05/05/2024 10:27 p.m. ,20.00 ,Cartão de Débito ,1.0 ,sf_coffee ,drink,
250,05/05/2024 10:27 p.m. ,10.00 ,Dinheiro ,1.0 ,sf_coffee ,hamburguer-1,
251,05/05/2024 10:27 p.m. ,10.00 ,Cartão de Débito ,1.0 ,sf_coffee ,hamburguer-1,
252,05/05/2024 10:27 p.m. ,10.00 ,Dinheiro ,1.0 ,sf_coffee ,hamburguer-1,
253,05/05/2024 10:27 p.m. ,20.00 ,Cartão de Crédito ,1.0 ,sf_coffee ,Macarrão Nada,
254,05/05/2024 10:27 p.m. ,20.00 ,PIX ,1.0 ,sf_coffee ,drink,
255,05/05/2024 10:27 p.m. ,8.00 ,Cartão de Crédito ,1.0 ,sf_coffee ,Suco de Laranja,
256,05/05/2024 10:27 p.m. ,10.00 ,PIX ,1.0 ,sf_coffee ,hamburguer-1,
257,05/05/2024 10:27 p.m. ,20.00 ,PIX ,1.0 ,sf_coffee ,Macarrão Nada,
258,05/05/2024 10:27 p.m. ,3.00 ,Cartão de Crédito ,1.0 ,sf_coffee ,café,
259,05/05/2024 10:27 p.m. ,20.00 ,Cartão de Crédito ,1.0 ,sf_coffee ,Pizza,
260,05/05/2024 10:27 p.m. ,20.00 ,Cartão de Débito ,1.0 ,sf_coffee ,Pizza,
261,05/05/2024 10:27 p.m. ,20.00 ,PIX ,1.0 ,sf_coffee ,Macarrão Nada,
262,05/05/2024 10:28 p.m. ,8.00 ,Cartão de Débito ,1.0 ,sf_coffee ,Suco de Laranja,
263,05/05/2024 10:28 p.m. ,20.00 ,Cartão de Crédito ,1.0 ,sf_coffee ,drink,
264,05/05/2024 10:28 p.m. ,8.00 ,Dinheiro ,1.0 ,sf_coffee ,Suco de Laranja,
265,05/05/2024 10:28 p.m. ,8.00 ,Cartão de Crédito ,1.0 ,sf_coffee ,Suco de Laranja,
266,05/05/2024 10:28 p.m. ,20.00 ,Cartão de Débito ,1.0 ,sf_coffee ,Macarrão Nada,
267,05/05/2024 10:28 p.m. ,10.00 ,Cartão de Débito ,1.0 ,sf_coffee ,salada 1,
268,05/05/2024 10:28 p.m. ,20.00 ,Dinheiro ,1.0 ,sf_coffee ,drink,
269,05/05/2024 10:28 p.m. ,20.00 ,Dinheiro ,1.0 ,sf_coffee ,Macarrão Nada,
270,05/05/2024 10:28 p.m. ,8.00 ,PIX ,1.0 ,sf_coffee ,Suco de Laranja,
271,05/05/2024 10:28 p.m. ,20.00 ,Dinheiro ,1.0 ,sf_coffee ,drink,
272,05/05/2024 10:28 p.m. ,10.00 ,Cartão de Débito ,1.0 ,sf_coffee ,hamburguer-1,
273,05/05/2024 10:28 p.m. ,20.00 ,PIX ,1.0 ,sf_coffee ,Pizza,
274,05/05/2024 10:28 p.m. ,20.00 ,Dinheiro ,1.0 ,sf_coffee ,Pizza,
275,05/05/2024 10:28 p.m. ,20.00 ,Cartão de Crédito ,1.0 ,sf_coffee ,Pizza,
276,05/05/2024 10:28 p.m. ,20.00 ,Cartão de Crédito ,1.0 ,sf_coffee ,Macarrão Nada,
277,05/05/2024 10:28 p.m. ,10.00 ,PIX ,1.0 ,sf_coffee ,salada 1,
278,05/05/2024 10:28 p.m. ,20.00 ,Dinheiro ,1.0 ,sf_coffee ,Pizza,
279,05/05/2024 10:28 p.m. ,20.00 ,Cartão de Crédito ,1.0 ,sf_coffee ,drink,
280,05/05/2024 10:28 p.m. ,10.00 ,Cartão de Débito ,1.0 ,sf_coffee ,hamburguer-1,
281,05/05/2024 10:28 p.m. ,20.00 ,Cartão de Débito ,1.0 ,sf_coffee ,drink,
282,05/05/2024 10:28 p.m. ,3.00 ,PIX ,1.0 ,sf_coffee ,café,
283,05/05/2024 10:28 p.m. ,8.00 ,Cartão de Débito ,1.0 ,sf_coffee ,Suco de Laranja,
284,05/05/2024 10:28 p.m. ,20.00 ,Cartão de Débito ,1.0 ,sf_coffee ,Macarrão Nada,
285,05/05/2024 10:28 p.m. ,50.00 ,Dinheiro ,1.0 ,sf_coffee ,Camarão,
286,05/05/2024 10:28 p.m. ,20.00 ,PIX ,1.0 ,sf_coffee ,Pizza,
287,05/05/2024 10:28 p.m. ,10.00 ,Cartão de Débito ,1.0 ,sf_coffee ,salada 1,
288,05/05/2024 10:28 p.m. ,8.00 ,Cartão de Débito ,1.0 ,sf_coffee ,Suco de Laranja,
289,05/05/2024 10:28 p.m. ,20.00 ,Dinheiro ,1.0 ,sf_coffee ,Pizza,
290,05/05/2024 10:28 p.m. ,10.00 ,Cartão de Crédito ,1.0 ,sf_coffee ,hamburguer-1,
291,05/05/2024 10:28 p.m. ,20.00 ,PIX ,1.0 ,sf_coffee ,Macarrão Nada,
292,05/05/2024 10:28 p.m. ,3.00 ,PIX ,1.0 ,sf_coffee ,café,
293,05/05/2024 10:28 p.m. ,20.00 ,Cartão de Crédito ,1.0 ,sf_coffee ,drink,
294,05/05/2024 10:28 p.m. ,10.00 ,Cartão de Crédito ,1.0 ,sf_coffee ,hamburguer-1,
295,05/05/2024 10:28 p.m. ,10.00 ,Dinheiro ,1.0 ,sf_coffee ,salada 1,
296,05/05/2024 10:28 p.m. ,20.00 ,Dinheiro ,1.0 ,sf_coffee ,Pizza,
297,05/05/2024 10:28 p.m. ,20.00 ,Dinheiro ,1.0 ,sf_coffee ,Macarrão Nada,
298,05/05/2024 10:28 p.m. ,3.00 ,Cartão de Crédito ,1.0 ,sf_coffee ,café,
299,05/05/2024 10:28 p.m. ,20.00 ,PIX ,1.0 ,sf_coffee ,drink,
300,05/05/2024 10:28 p.m. ,20.00 ,PIX ,1.0 ,sf_coffee ,drink,
301,05/05/2024 10:28 p.m. ,20.00 ,PIX ,1.0 ,sf_coffee ,Macarrão Nada,
302,05/05/2024 10:28 p.m. ,20.00 ,Cartão de Débito ,1.0 ,sf_coffee ,drink,
303,05/05/2024 10:28 p.m. ,8.00 ,Cartão de Débito ,1.0 ,sf_coffee ,Suco de Laranja,
304,05/05/2024 10:28 p.m. ,10.00 ,PIX ,1.0 ,sf_coffee ,hamburguer-1,
305,05/05/2024 10:28 p.m. ,10.00 ,Cartão de Débito ,1.0 ,sf_coffee ,salada 1,
306,05/05/2024 10:28 p.m. ,20.00 ,Cartão de Crédito ,1.0 ,sf_coffee ,Pizza,
307,05/05/2024 10:28 p.m. ,50.00 ,Cartão de Débito ,1.0 ,sf_coffee ,Camarão,
308,05/05/2024 10:28 p.m. ,20.00 ,Cartão de Débito ,1.0 ,sf_coffee ,Macarrão Nada,
309,05/05/2024 10:28 p.m. ,20.00 ,Cartão de Crédito ,1.0 ,sf_coffee ,drink,
310,05/05/2024 10:28 p.m. ,3.00 ,PIX ,1.0 ,sf_coffee ,café,
311,05/05/2024 10:28 p.m. ,20.00 ,Cartão de Débito ,1.0 ,sf_coffee ,Macarrão Nada,
312,05/05/2024 10:28 p.m. ,20.00 ,PIX ,1.0 ,sf_coffee ,Pizza,
313,05/05/2024 10:28 p.m. ,20.00 ,Cartão de Débito ,1.0 ,sf_coffee ,drink,
314,05/05/2024 10:29 p.m. ,10.00 ,Cartão de Débito ,1.0 ,sf_coffee ,salada 1,
315,05/05/2024 10:29 p.m. ,10.00 ,Cartão de Crédito ,1.0 ,sf_coffee ,hamburguer-1,
316,05/05/2024 10:29 p.m. ,20.00 ,PIX ,1.0 ,sf_coffee ,Pizza,
317,05/05/2024 10:29 p.m. ,10.00 ,Cartão de Crédito ,1.0 ,sf_coffee ,salada 1,
318,05/05/2024 10:29 p.m. ,10.00 ,Dinheiro ,1.0 ,sf_coffee ,salada 1,
319,05/05/2024 10:29 p.m. ,10.00 ,Cartão de Débito ,1.0 ,sf_coffee ,salada 1,
320,05/05/2024 10:29 p.m. ,10.00 ,PIX ,1.0 ,sf_coffee ,salada 1,
321,05/05/2024 10:29 p.m. ,10.00 ,Cartão de Débito ,1.0 ,sf_coffee ,hamburguer-1,
322,05/05/2024 10:29 p.m. ,20.00 ,Dinheiro ,1.0 ,sf_coffee ,Pizza,
323,05/05/2024 10:29 p.m. ,3.00 ,Cartão de Crédito ,1.0 ,sf_coffee ,café,
324,05/05/2024 10:29 p.m. ,10.00 ,PIX ,1.0 ,sf_coffee ,salada 1,
325,05/05/2024 10:29 p.m. ,50.00 ,Cartão de Crédito ,1.0 ,sf_coffee ,Camarão,
326,05/05/2024 10:29 p.m. ,8.00 ,PIX ,1.0 ,sf_coffee ,Suco de Laranja,
327,05/05/2024 10:29 p.m. ,20.00 ,Cartão de Débito ,1.0 ,sf_coffee ,Macarrão Nada,
328,05/05/2024 10:29 p.m. ,10.00 ,Cartão de Crédito ,1.0 ,sf_coffee ,salada 1,
329,05/05/2024 10:29 p.m. ,50.00 ,Cartão de Débito ,1.0 ,sf_coffee ,Camarão,
330,05/05/2024 10:29 p.m. ,20.00 ,Dinheiro ,1.0 ,sf_coffee ,Macarrão Nada,
331,05/05/2024 10:29 p.m. ,50.00 ,Cartão de Débito ,1.0 ,sf_coffee ,Camarão,
332,05/05/2024 10:29 p.m. ,50.00 ,Cartão de Crédito ,1.0 ,sf_coffee ,Camarão,
333,05/05/2024 10:29 p.m. ,10.00 ,PIX ,1.0 ,sf_coffee ,salada 1,
334,05/05/2024 10:29 p.m. ,20.00 ,Dinheiro ,1.0 ,sf_coffee ,Macarrão Nada,
335,05/05/2024 10:29 p.m. ,20.00 ,PIX ,1.0 ,sf_coffee ,Pizza,
336,05/05/2024 10:29 p.m. ,10.00 ,Cartão de Crédito ,1.0 ,sf_coffee ,hamburguer-1,
337,05/05/2024 10:29 p.m. ,50.00 ,Dinheiro ,1.0 ,sf_coffee ,Camarão,
338,05/05/2024 10:29 p.m. ,20.00 ,Cartão de Débito ,1.0 ,sf_coffee ,Pizza,
339,05/05/2024 10:29 p.m. ,50.00 ,Cartão de Crédito ,1.0 ,sf_coffee ,Camarão,
340,05/05/2024 10:29 p.m. ,3.00 ,Cartão de Crédito ,1.0 ,sf_coffee ,café,
341,05/05/2024 10:29 p.m. ,8.00 ,Cartão de Débito ,1.0 ,sf_coffee ,Suco de Laranja,
342,05/05/2024 10:29 p.m. ,8.00 ,Cartão de Crédito ,1.0 ,sf_coffee ,Suco de Laranja,
343,05/05/2024 10:29 p.m. ,10.00 ,PIX ,1.0 ,sf_coffee ,salada 1,
344,05/05/2024 10:29 p.m. ,10.00 ,Dinheiro ,1.0 ,sf_coffee ,hamburguer-1,
345,05/05/2024 10:29 p.m. ,20.00 ,Cartão de Débito ,1.0 ,sf_coffee ,Pizza,
346,05/05/2024 10:29 p.m. ,10.00 ,Dinheiro ,1.0 ,sf_coffee ,salada 1,
347,05/05/2024 10:29 p.m. ,3.00 ,PIX ,1.0 ,sf_coffee ,café,
348,05/05/2024 10:29 p.m. ,8.00 ,Cartão de Crédito ,1.0 ,sf_coffee ,Suco de Laranja,
349,05/05/2024 10:29 p.m. ,20.00 ,Dinheiro ,1.0 ,sf_coffee ,Pizza,
350,05/05/2024 10:29 p.m. ,3.00 ,Dinheiro ,1.0 ,sf_coffee ,café,
351,05/05/2024 10:29 p.m. ,20.00 ,Cartão de Crédito ,1.0 ,sf_coffee ,drink,
352,05/05/2024 10:29 p.m. ,10.00 ,Cartão de Crédito ,1.0 ,sf_coffee ,salada 1,
353,05/05/2024 10:29 p.m. ,10.00 ,Dinheiro ,1.0 ,sf_coffee ,salada 1,
354,05/05/2024 10:29 p.m. ,10.00 ,Dinheiro ,1.0 ,sf_coffee ,salada 1,
355,05/05/2024 10:29 p.m. ,20.00 ,Dinheiro ,1.0 ,sf_coffee ,Pizza,
356,05/05/2024 10:29 p.m. ,3.00 ,Cartão de Crédito ,1.0 ,sf_coffee ,café,
357,05/05/2024 10:29 p.m. ,20.00 ,Cartão de Débito ,1.0 ,sf_coffee ,Pizza,
358,05/05/2024 10:29 p.m. ,10.00 ,Dinheiro ,1.0 ,sf_coffee ,salada 1,
359,05/05/2024 10:29 p.m. ,3.00 ,PIX ,1.0 ,sf_coffee ,café,
360,05/05/2024 10:29 p.m. ,3.00 ,Cartão de Débito ,1.0 ,sf_coffee ,café,
361,05/05/2024 10:29 p.m. ,8.00 ,Dinheiro ,1.0 ,sf_coffee ,Suco de Laranja,
362,05/05/2024 10:29 p.m. ,10.00 ,Cartão de Débito ,1.0 ,sf_coffee ,salada 1,
363,05/05/2024 10:30 p.m. ,8.00 ,PIX ,1.0 ,sf_coffee ,Suco de Laranja,
364,05/05/2024 10:30 p.m. ,8.00 ,Dinheiro ,1.0 ,sf_coffee ,Suco de Laranja,
365,05/05/2024 10:30 p.m. ,8.00 ,PIX ,1.0 ,sf_coffee ,Suco de Laranja,
366,05/05/2024 10:30 p.m. ,20.00 ,Dinheiro ,1.0 ,sf_coffee ,drink,
367,05/05/2024 10:30 p.m. ,20.00 ,Cartão de Crédito ,1.0 ,sf_coffee ,drink,
368,05/05/2024 10:30 p.m. ,10.00 ,Cartão de Débito ,1.0 ,sf_coffee ,hamburguer-1,
369,05/05/2024 10:30 p.m. ,10.00 ,Cartão de Crédito ,1.0 ,sf_coffee ,salada 1,
370,05/05/2024 10:30 p.m. ,20.00 ,PIX ,1.0 ,sf_coffee ,Macarrão Nada,
371,05/05/2024 10:30 p.m. ,10.00 ,Cartão de Crédito ,1.0 ,sf_coffee ,hamburguer-1,
372,05/05/2024 10:30 p.m. ,20.00 ,PIX ,1.0 ,sf_coffee ,Pizza,
373,05/05/2024 10:30 p.m. ,10.00 ,Cartão de Crédito ,1.0 ,sf_coffee ,salada 1,
374,05/05/2024 10:30 p.m. ,20.00 ,PIX ,1.0 ,sf_coffee ,Macarrão Nada,
375,05/05/2024 10:30 p.m. ,10.00 ,Dinheiro ,1.0 ,sf_coffee ,salada 1,
376,05/05/2024 10:30 p.m. ,8.00 ,PIX ,1.0 ,sf_coffee ,Suco de Laranja,
377,05/05/2024 10:30 p.m. ,50.00 ,Cartão de Débito ,1.0 ,sf_coffee ,Camarão,
378,05/05/2024 10:30 p.m. ,8.00 ,PIX ,1.0 ,sf_coffee ,Suco de Laranja,
379,05/05/2024 10:30 p.m. ,20.00 ,Cartão de Crédito ,1.0 ,sf_coffee ,Pizza,
380,05/05/2024 10:30 p.m. ,20.00 ,Dinheiro ,1.0 ,sf_coffee ,Macarrão Nada,
381,05/05/2024 10:30 p.m. ,20.00 ,PIX ,1.0 ,sf_coffee ,Macarrão Nada,
382,05/05/2024 10:30 p.m. ,20.00 ,Dinheiro ,1.0 ,sf_coffee ,Macarrão Nada,
383,05/05/2024 10:30 p.m. ,10.00 ,Cartão de Crédito ,1.0 ,sf_coffee ,salada 1,
384,05/05/2024 10:30 p.m. ,10.00 ,Dinheiro ,1.0 ,sf_coffee ,hamburguer-1,
385,05/05/2024 10:30 p.m. ,20.00 ,Dinheiro ,1.0 ,sf_coffee ,drink,
386,05/05/2024 10:30 p.m. ,10.00 ,Cartão de Crédito ,1.0 ,sf_coffee ,hamburguer-1,
387,05/05/2024 10:30 p.m. ,20.00 ,PIX ,1.0 ,sf_coffee ,Pizza,
388,05/05/2024 10:30 p.m. ,20.00 ,Cartão de Débito ,1.0 ,sf_coffee ,drink,
389,05/05/2024 10:30 p.m. ,3.00 ,Cartão de Débito ,1.0 ,sf_coffee ,café,
390,05/05/2024 10:30 p.m. ,20.00 ,PIX ,1.0 ,sf_coffee ,Pizza,
391,05/05/2024 10:30 p.m. ,50.00 ,Cartão de Débito ,1.0 ,sf_coffee ,Camarão,
392,05/05/2024 10:30 p.m. ,20.00 ,Dinheiro ,1.0 ,sf_coffee ,drink,
393,05/05/2024 10:30 p.m. ,20.00 ,PIX ,1.0 ,sf_coffee ,drink,
394,05/05/2024 10:30 p.m. ,20.00 ,PIX ,1.0 ,sf_coffee ,Pizza,
395,05/05/2024 10:30 p.m. ,50.00 ,Cartão de Crédito ,1.0 ,sf_coffee ,Camarão,
396,05/05/2024 10:30 p.m. ,50.00 ,Cartão de Crédito ,1.0 ,sf_coffee ,Camarão,
397,05/05/2024 10:30 p.m. ,50.00 ,PIX ,1.0 ,sf_coffee ,Camarão,
398,05/05/2024 10:30 p.m. ,20.00 ,PIX ,1.0 ,sf_coffee ,drink,
399,05/05/2024 10:30 p.m. ,20.00 ,Cartão de Débito ,1.0 ,sf_coffee ,Pizza,
400,05/05/2024 10:30 p.m. ,3.00 ,Cartão de Crédito ,1.0 ,sf_coffee ,café,
401,05/05/2024 10:30 p.m. ,8.00 ,Cartão de Crédito ,1.0 ,sf_coffee ,Suco de Laranja,
402,05/05/2024 10:30 p.m. ,8.00 ,PIX ,1.0 ,sf_coffee ,Suco de Laranja,
403,05/05/2024 10:30 p.m. ,20.00 ,Cartão de Débito ,1.0 ,sf_coffee ,Pizza,
404,05/05/2024 10:30 p.m. ,3.00 ,Dinheiro ,1.0 ,sf_coffee ,café,
405,05/05/2024 10:30 p.m. ,20.00 ,Cartão de Crédito ,1.0 ,sf_coffee ,Macarrão Nada,
406,05/05/2024 10:30 p.m. ,3.00 ,PIX ,1.0 ,sf_coffee ,café,
407,05/05/2024 10:30 p.m. ,10.00 ,Cartão de Débito ,1.0 ,sf_coffee ,salada 1,
408,05/05/2024 10:30 p.m. ,20.00 ,Cartão de Crédito ,1.0 ,sf_coffee ,Macarrão Nada,
409,05/05/2024 10:30 p.m. ,20.00 ,PIX ,1.0 ,sf_coffee ,Pizza,
410,05/05/2024 10:30 p.m. ,8.00 ,Dinheiro ,1.0 ,sf_coffee ,Suco de Laranja,
411,05/05/2024 10:31 p.m. ,3.00 ,Cartão de Crédito ,1.0 ,sf_coffee ,café,
412,05/05/2024 10:31 p.m. ,3.00 ,Cartão de Crédito ,1.0 ,sf_coffee ,café,
413,05/05/2024 10:31 p.m. ,3.00 ,Cartão de Crédito ,1.0 ,sf_coffee ,café,
414,05/05/2024 10:31 p.m. ,20.00 ,Cartão de Débito ,1.0 ,sf_coffee ,Macarrão Nada,
415,05/05/2024 10:31 p.m. ,20.00 ,Cartão de Crédito ,1.0 ,sf_coffee ,Macarrão Nada,
416,05/05/2024 10:31 p.m. ,10.00 ,PIX ,1.0 ,sf_coffee ,salada 1,
417,05/05/2024 10:31 p.m. ,20.00 ,Dinheiro ,1.0 ,sf_coffee ,Pizza,
418,05/05/2024 10:31 p.m. ,50.00 ,Cartão de Débito ,1.0 ,sf_coffee ,Camarão,
419,05/05/2024 10:31 p.m. ,50.00 ,PIX ,1.0 ,sf_coffee ,Camarão,
420,05/05/2024 10:31 p.m. ,3.00 ,Dinheiro ,1.0 ,sf_coffee ,café,
421,05/05/2024 10:31 p.m. ,3.00 ,PIX ,1.0 ,sf_coffee ,café,
422,05/05/2024 10:31 p.m. ,20.00 ,Dinheiro ,1.0 ,sf_coffee ,Macarrão Nada,
423,05/05/2024 10:31 p.m. ,20.00 ,PIX ,1.0 ,sf_coffee ,drink,
424,05/05/2024 10:31 p.m. ,10.00 ,Cartão de Débito ,1.0 ,sf_coffee ,salada 1,
425,05/05/2024 10:31 p.m. ,10.00 ,PIX ,1.0 ,sf_coffee ,salada 1,
426,05/05/2024 10:31 p.m. ,10.00 ,Cartão de Débito ,1.0 ,sf_coffee ,hamburguer-1,
427,05/05/2024 10:31 p.m. ,8.00 ,PIX ,1.0 ,sf_coffee ,Suco de Laranja,
428,05/05/2024 10:31 p.m. ,20.00 ,Dinheiro ,1.0 ,sf_coffee ,drink,
429,05/05/2024 10:31 p.m. ,3.00 ,Dinheiro ,1.0 ,sf_coffee ,café,
430,05/05/2024 10:31 p.m. ,20.00 ,Cartão de Débito ,1.0 ,sf_coffee ,Pizza,
431,05/05/2024 10:31 p.m. ,3.00 ,Cartão de Crédito ,1.0 ,sf_coffee ,café,
432,05/05/2024 10:31 p.m. ,20.00 ,Dinheiro ,1.0 ,sf_coffee ,drink,
433,05/05/2024 10:31 p.m. ,3.00 ,Dinheiro ,1.0 ,sf_coffee ,café,
434,05/05/2024 10:31 p.m. ,8.00 ,Cartão de Crédito ,1.0 ,sf_coffee ,Suco de Laranja,
435,05/05/2024 10:31 p.m. ,10.00 ,PIX ,1.0 ,sf_coffee ,salada 1,
436,05/05/2024 10:31 p.m. ,20.00 ,Dinheiro ,1.0 ,sf_coffee ,drink,
437,05/05/2024 10:31 p.m. ,10.00 ,PIX ,1.0 ,sf_coffee ,hamburguer-1,
438,05/05/2024 10:31 p.m. ,10.00 ,PIX ,1.0 ,sf_coffee ,hamburguer-1,
439,05/05/2024 10:31 p.m. ,10.00 ,Dinheiro ,1.0 ,sf_coffee ,salada 1,
440,05/05/2024 10:31 p.m. ,10.00 ,PIX ,1.0 ,sf_coffee ,salada 1,
441,05/05/2024 10:31 p.m. ,10.00 ,Dinheiro ,1.0 ,sf_coffee ,hamburguer-1,
442,05/05/2024 10:31 p.m. ,8.00 ,Dinheiro ,1.0 ,sf_coffee ,Suco de Laranja,
443,05/05/2024 10:31 p.m. ,8.00 ,Cartão de Débito ,1.0 ,sf_coffee ,Suco de Laranja,
444,05/05/2024 10:31 p.m. ,50.00 ,Cartão de Crédito ,1.0 ,sf_coffee ,Camarão,
445,05/05/2024 10:31 p.m. ,20.00 ,Cartão de Crédito ,1.0 ,sf_coffee ,Pizza,
446,05/05/2024 10:31 p.m. ,8.00 ,Dinheiro ,1.0 ,sf_coffee ,Suco de Laranja,
447,05/05/2024 10:31 p.m. ,10.00 ,Cartão de Crédito ,1.0 ,sf_coffee ,salada 1,
448,05/05/2024 10:31 p.m. ,10.00 ,PIX ,1.0 ,sf_coffee ,hamburguer-1,
449,05/05/2024 10:31 p.m. ,20.00 ,Cartão de Débito ,1.0 ,sf_coffee ,drink,
450,05/05/2024 10:31 p.m. ,20.00 ,Cartão de Débito ,1.0 ,sf_coffee ,Macarrão Nada,
451,05/05/2024 10:31 p.m. ,50.00 ,Dinheiro ,1.0 ,sf_coffee ,Camarão,
452,05/05/2024 10:31 p.m. ,8.00 ,PIX ,1.0 ,sf_coffee ,Suco de Laranja,
453,05/05/2024 10:31 p.m. ,50.00 ,Cartão de Débito ,1.0 ,sf_coffee ,Camarão,
454,05/05/2024 10:31 p.m. ,50.00 ,Cartão de Crédito ,1.0 ,sf_coffee ,Camarão,
455,05/05/2024 10:31 p.m. ,20.00 ,PIX ,1.0 ,sf_coffee ,Macarrão Nada,
456,05/05/2024 10:31 p.m. ,20.00 ,PIX ,1.0 ,sf_coffee ,drink,
457,05/05/2024 10:31 p.m. ,3.00 ,Cartão de Débito ,1.0 ,sf_coffee ,café,
458,05/05/2024 10:31 p.m. ,20.00 ,Cartão de Crédito ,1.0 ,sf_coffee ,drink,
459,05/05/2024 10:32 p.m. ,20.00 ,PIX ,1.0 ,sf_coffee ,Macarrão Nada,
460,05/05/2024 10:32 p.m. ,20.00 ,Cartão de Débito ,1.0 ,sf_coffee ,Macarrão Nada,
